treacheroustech.odns,https://ygwdnjw2gt6sabcrhjqmpgsn4hhddomhipdpxbx6bru2zr2damxevqyd.onion/,,,,,,,,,,,,,,
alexander.odns,https://lxwu7pwyszfevhglxfgaukjqjdk2belosfvsl2ekzx3vrboacvewc7qd.onion/,,,,,,,,,,,,,,
ctrlblog.odns,http://v65ngaoj2nyaiq2ltf4uzota254gnasarrkuj4aqndi2bb5lw6frt3ad.onion/,,,,,,,,,,,,,,
dropsafe.odns | alec muffett,https://amuffettdexn6r5s4lt45b6mlrgmsmo56szaaighyjurp4ccuj63zkad.onion/blog,,,,,,,,,,,,,,
kushaldas.odns,https://kushal76uaid62oup5774umh654scnu5dwzh4u2534qxhcbi4wbab3ad.onion/,,,,,,,,,,,,,,
michaelaltfield.odns,http://michaelahgu3sqef5yz3u242nok2uczduq5oxqfkwq646tvjhdnl35id.onion/,,,,,,,,,,,,,,
mingdileom.odns,https://xw226dvxac7jzcpsf4xb64r4epr6o5hgn46dxlqk7gnjptakik6xnzqd.onion/,,,,,,,,,,,,,,
nickfrichette.odns,https://nickf43ab43xxf3yqgzy5uedsjij6h473rmbyzq6inohcnr3lohlu3yd.onion/,,,,,,,,,,,,,,
shensessays.odns,https://shen.hongio267dx4o2ofkn4ddsztu4ok2vq4euc7sxumbi7kcfd64ije62ad.onion/,,,,,,,,,,,,,,
decodedlegal.odns,https://dlegal66uj5u2dvcbrev7vv6fjtwnd4moqu7j6jnd42rmbypv3coigyd.onion/,,,,,,,,,,,,,,
privacyinternational.odns,https://privacy2ws3ora5p4qpzptqr32qm54gf5ifyzvo5bhl7bb254c6nbiyd.onion/,,,,,,,,,,,,,,
riseuphome.odns,http://vww6ybal4bd7szmgncyruucpgfkqahzddi37ktceo3ah7ngmcopnpyyd.onion/,,,,,,,,,,,,,,
riseuponionindex.odns,http://vww6ybal4bd7szmgncyruucpgfkqahzddi37ktceo3ah7ngmcopnpyyd.onion/en/security/network-security/tor#riseups-tor-onion-services,,,,,,,,,,,,,,
systemlihome.odns,http://7sk2kov2xwx6cbc32phynrifegg6pklmzs7luwcggtzrnlsolxxuyfyd.onion/en/index.html,,,,,,,,,,,,,,
systemlionionindex.odns,http://7sk2kov2xwx6cbc32phynrifegg6pklmzs7luwcggtzrnlsolxxuyfyd.onion/en/service/onion.html,,,,,,,,,,,,,,
wikifesad.odns,https://hyfs2rd42ij4opqkdxzycb7dolzwjtbmmm4mbpohc57mm76u6iyurxqd.onion/,,,,,,,,,,,,,,
bbclearningenglish.odns,https://www.bbcweb3hytmzhn5d532owbu6oqadra5z3ar726vq5kgwwn6aucdccrad.onion/learningenglish/,,,,,,,,,,,,,,
bbclearningenglish.odns/mandarin,https://www.bbcweb3hytmzhn5d532owbu6oqadra5z3ar726vq5kgwwn6aucdccrad.onion/learningenglish/chinese,,,,,,,,,,,,,,
uscentralintelligenceagency.odns,http://ciadotgov4sjwlzihbbgxnqg3xiyrg7so2r2o3lt5wz5ypk4sxyjstad.onion/index.html,,,,,,,,,,,,,,
thenewyorktimes.odns/chinese,https://cn.nytimesn7cgmftshazwhfgzm37qxb44r64ytbb2dj3x62d2lljsciiyd.onion/,,,,,,,,,,,,,,
bbc.odns,https://www.bbcnewsd73hkzno2ini43t4gblxvycyac5aw4gnv7t2rccijh7745uqd.onion/,,,,,,,,,,,,,,
bellingcat.odns,http://bellcatmbguthn3age23lrbseln2lryzv3mt7whis7ktjw4qrestbzad.onion/,,,,,,,,,,,,,,
bellingcat.odns/es,http://es.bellcatmbguthn3age23lrbseln2lryzv3mt7whis7ktjw4qrestbzad.onion/,,,,,,,,,,,,,,
bellingcat.odns/fr,http://fr.bellcatmbguthn3age23lrbseln2lryzv3mt7whis7ktjw4qrestbzad.onion/,,,,,,,,,,,,,,
bellingcat.odns/ru,http://ru.bellcatmbguthn3age23lrbseln2lryzv3mt7whis7ktjw4qrestbzad.onion/,,,,,,,,,,,,,,
bellingcat.odns/ua,http://ukraine.bellcatmbguthn3age23lrbseln2lryzv3mt7whis7ktjw4qrestbzad.onion/,,,,,,,,,,,,,,
deutschewelle.odns,https://www.dwnewsgngmhlplxy6o2twtfgjnrnjxbegbwqx6wnotdhkzt562tszfid.onion/,,,,,,,,,,,,,,
propublica.odns,https://p53lf57qovyuvwsc6xnrppyply3vtqm7l6pcobkmyqsiofyeznfu5uqd.onion/,,,,,,,,,,,,,,
radiofreeeurope.odns,https://www.rferlo2zxgv23tct66v45s5mecftol5vod3hf4rqbipfp46fqu2q56ad.onion/,,,,,,,,,,,,,,
theguardian.odns,https://www.guardian2zotagl6tmjucg3lrhxdk4dw3lhbqnkvvkywawy3oqfoprid.onion/,,,,,,,,,,,,,,
theintercept.odns,https://27m3p2uv7igmj6kvd4ql3cct5h3sdwrsajovkkndeufumzyfhlfev4qd.onion,,,,,,,,,,,,,,
thenewyorktimes.odns,https://www.nytimesn7cgmftshazwhfgzm37qxb44r64ytbb2dj3x62d2lljsciiyd.onion/,,,,,,,,,,,,,,
voiceofamerica.odns,https://www.voanews5aitmne6gs2btokcacixclgfl43cv27sirgbauyyjylwpdtqd.onion/,,,,,,,,,,,,,,
yahoonews.odns,https://yahoonewsnqkxo423g7vuwr2mvkwmc5t4df5x44dfdfvmyzqgcyt3had.onion/,,,,,,,,,,,,,,
bbcnews.odns/afaanoromoo,https://www.bbcweb3hytmzhn5d532owbu6oqadra5z3ar726vq5kgwwn6aucdccrad.onion/afaanoromoo,,,,,,,,,,,,,,
bbcnews.odns/afrique,https://www.bbcweb3hytmzhn5d532owbu6oqadra5z3ar726vq5kgwwn6aucdccrad.onion/afrique,,,,,,,,,,,,,,
bbcnews.odns/amharic,https://www.bbcweb3hytmzhn5d532owbu6oqadra5z3ar726vq5kgwwn6aucdccrad.onion/amharic,,,,,,,,,,,,,,
bbcnews.odns/arabic,https://www.bbcweb3hytmzhn5d532owbu6oqadra5z3ar726vq5kgwwn6aucdccrad.onion/arabic,,,,,,,,,,,,,,
bbcnews.odns/azeri,https://www.bbcweb3hytmzhn5d532owbu6oqadra5z3ar726vq5kgwwn6aucdccrad.onion/azeri,,,,,,,,,,,,,,
bbcnews.odns/bengali,https://www.bbcweb3hytmzhn5d532owbu6oqadra5z3ar726vq5kgwwn6aucdccrad.onion/bengali,,,,,,,,,,,,,,
bbcnews.odns/burmese,https://www.bbcweb3hytmzhn5d532owbu6oqadra5z3ar726vq5kgwwn6aucdccrad.onion/burmese,,,,,,,,,,,,,,
bbcnews.odns/gahuza,https://www.bbcweb3hytmzhn5d532owbu6oqadra5z3ar726vq5kgwwn6aucdccrad.onion/gahuza,,,,,,,,,,,,,,
bbcnews.odns/gujarati,https://www.bbcweb3hytmzhn5d532owbu6oqadra5z3ar726vq5kgwwn6aucdccrad.onion/gujarati,,,,,,,,,,,,,,
bbcnews.odns/hausa,https://www.bbcweb3hytmzhn5d532owbu6oqadra5z3ar726vq5kgwwn6aucdccrad.onion/hausa,,,,,,,,,,,,,,
bbcnews.odns/hindi,https://www.bbcweb3hytmzhn5d532owbu6oqadra5z3ar726vq5kgwwn6aucdccrad.onion/hindi,,,,,,,,,,,,,,
bbcnews.odns/igbo,https://www.bbcweb3hytmzhn5d532owbu6oqadra5z3ar726vq5kgwwn6aucdccrad.onion/igbo,,,,,,,,,,,,,,
bbcnews.odns/indonesia,https://www.bbcweb3hytmzhn5d532owbu6oqadra5z3ar726vq5kgwwn6aucdccrad.onion/indonesia,,,,,,,,,,,,,,
bbcnews.odns/korean,https://www.bbcweb3hytmzhn5d532owbu6oqadra5z3ar726vq5kgwwn6aucdccrad.onion/korean,,,,,,,,,,,,,,
bbcnews.odns/kyrgyz,https://www.bbcweb3hytmzhn5d532owbu6oqadra5z3ar726vq5kgwwn6aucdccrad.onion/kyrgyz,,,,,,,,,,,,,,
bbcnews.odns/marathi,https://www.bbcweb3hytmzhn5d532owbu6oqadra5z3ar726vq5kgwwn6aucdccrad.onion/marathi,,,,,,,,,,,,,,
bbcnews.odns/mundo,https://www.bbcweb3hytmzhn5d532owbu6oqadra5z3ar726vq5kgwwn6aucdccrad.onion/mundo,,,,,,,,,,,,,,
bbcnews.odns/nepali,https://www.bbcweb3hytmzhn5d532owbu6oqadra5z3ar726vq5kgwwn6aucdccrad.onion/nepali,,,,,,,,,,,,,,
bbcnews.odns/pashto,https://www.bbcweb3hytmzhn5d532owbu6oqadra5z3ar726vq5kgwwn6aucdccrad.onion/pashto,,,,,,,,,,,,,,
bbcnews.odns/persian,https://www.bbcweb3hytmzhn5d532owbu6oqadra5z3ar726vq5kgwwn6aucdccrad.onion/persian,,,,,,,,,,,,,,
bbcnews.odns/pidgin,https://www.bbcweb3hytmzhn5d532owbu6oqadra5z3ar726vq5kgwwn6aucdccrad.onion/pidgin,,,,,,,,,,,,,,
bbcnews.odns/portuguese,https://www.bbcweb3hytmzhn5d532owbu6oqadra5z3ar726vq5kgwwn6aucdccrad.onion/portuguese,,,,,,,,,,,,,,
bbcnews.odns/punjabi,https://www.bbcweb3hytmzhn5d532owbu6oqadra5z3ar726vq5kgwwn6aucdccrad.onion/punjabi,,,,,,,,,,,,,,
bbcnews.odns/russian,https://www.bbcweb3hytmzhn5d532owbu6oqadra5z3ar726vq5kgwwn6aucdccrad.onion/russian,,,,,,,,,,,,,,
bbcnews.odns/serbian/cyr,https://www.bbcweb3hytmzhn5d532owbu6oqadra5z3ar726vq5kgwwn6aucdccrad.onion/serbian/cyr,,,,,,,,,,,,,,
bbcnews.odns/serbian/lat,https://www.bbcweb3hytmzhn5d532owbu6oqadra5z3ar726vq5kgwwn6aucdccrad.onion/serbian/lat,,,,,,,,,,,,,,
bbcnews.odns/sinhala,https://www.bbcweb3hytmzhn5d532owbu6oqadra5z3ar726vq5kgwwn6aucdccrad.onion/sinhala,,,,,,,,,,,,,,
bbcnews.odns/somali,https://www.bbcweb3hytmzhn5d532owbu6oqadra5z3ar726vq5kgwwn6aucdccrad.onion/somali,,,,,,,,,,,,,,
bbcnews.odns/swahili,https://www.bbcweb3hytmzhn5d532owbu6oqadra5z3ar726vq5kgwwn6aucdccrad.onion/swahili,,,,,,,,,,,,,,
bbcnews.odns/tamil,https://www.bbcweb3hytmzhn5d532owbu6oqadra5z3ar726vq5kgwwn6aucdccrad.onion/tamil,,,,,,,,,,,,,,
bbcnews.odns/telugu,https://www.bbcweb3hytmzhn5d532owbu6oqadra5z3ar726vq5kgwwn6aucdccrad.onion/telugu,,,,,,,,,,,,,,
bbcnews.odns/thai,https://www.bbcweb3hytmzhn5d532owbu6oqadra5z3ar726vq5kgwwn6aucdccrad.onion/thai,,,,,,,,,,,,,,
bbcnews.odns/tigrinya,https://www.bbcweb3hytmzhn5d532owbu6oqadra5z3ar726vq5kgwwn6aucdccrad.onion/tigrinya,,,,,,,,,,,,,,
bbcnews.odns/turkce,https://www.bbcweb3hytmzhn5d532owbu6oqadra5z3ar726vq5kgwwn6aucdccrad.onion/turkce,,,,,,,,,,,,,,
bbcnews.odns/ukrainian,https://www.bbcweb3hytmzhn5d532owbu6oqadra5z3ar726vq5kgwwn6aucdccrad.onion/ukrainian,,,,,,,,,,,,,,
bbcnews.odns/urdu,https://www.bbcweb3hytmzhn5d532owbu6oqadra5z3ar726vq5kgwwn6aucdccrad.onion/urdu,,,,,,,,,,,,,,
bbcnews.odns/uzbek,https://www.bbcweb3hytmzhn5d532owbu6oqadra5z3ar726vq5kgwwn6aucdccrad.onion/uzbek,,,,,,,,,,,,,,
bbcnews.odns/vietnamese,https://www.bbcweb3hytmzhn5d532owbu6oqadra5z3ar726vq5kgwwn6aucdccrad.onion/vietnamese,,,,,,,,,,,,,,
bbcnews.odns/yoruba,https://www.bbcweb3hytmzhn5d532owbu6oqadra5z3ar726vq5kgwwn6aucdccrad.onion/yoruba,,,,,,,,,,,,,,
bbcnews.odns/zhongwen/trad,https://www.bbcweb3hytmzhn5d532owbu6oqadra5z3ar726vq5kgwwn6aucdccrad.onion/zhongwen/trad,,,,,,,,,,,,,,
bbcnews.odns,https://www.bbcweb3hytmzhn5d532owbu6oqadra5z3ar726vq5kgwwn6aucdccrad.onion/ws/languages,,,,,,,,,,,,,,
deutschewelle.odns/albanian,https://www.dwnewsgngmhlplxy6o2twtfgjnrnjxbegbwqx6wnotdhkzt562tszfid.onion/sq/,,,,,,,,,,,,,,
deutschewelle.odns/amharic,https://www.dwnewsgngmhlplxy6o2twtfgjnrnjxbegbwqx6wnotdhkzt562tszfid.onion/am/,,,,,,,,,,,,,,
deutschewelle.odns/arabic,https://www.dwnewsgngmhlplxy6o2twtfgjnrnjxbegbwqx6wnotdhkzt562tszfid.onion/ar/,,,,,,,,,,,,,,
deutschewelle.odns/bengali,https://www.dwnewsgngmhlplxy6o2twtfgjnrnjxbegbwqx6wnotdhkzt562tszfid.onion/bn/,,,,,,,,,,,,,,
deutschewelle.odns/bosnian,https://www.dwnewsgngmhlplxy6o2twtfgjnrnjxbegbwqx6wnotdhkzt562tszfid.onion/bs/,,,,,,,,,,,,,,
deutschewelle.odns/bulgarian,https://www.dwnewsgngmhlplxy6o2twtfgjnrnjxbegbwqx6wnotdhkzt562tszfid.onion/bg/,,,,,,,,,,,,,,
deutschewelle.odns/chinese,https://www.dwnewsgngmhlplxy6o2twtfgjnrnjxbegbwqx6wnotdhkzt562tszfid.onion/zh/?zhongwen=simp,,,,,,,,,,,,,,
deutschewelle.odns/chinese_traditional,https://www.dwnewsgngmhlplxy6o2twtfgjnrnjxbegbwqx6wnotdhkzt562tszfid.onion/zh/?zhongwen=trad,,,,,,,,,,,,,,
deutschewelle.odns/croatian,https://www.dwnewsgngmhlplxy6o2twtfgjnrnjxbegbwqx6wnotdhkzt562tszfid.onion/hr/,,,,,,,,,,,,,,
deutschewelle.odns/dari,https://www.dwnewsgngmhlplxy6o2twtfgjnrnjxbegbwqx6wnotdhkzt562tszfid.onion/fa-af/,,,,,,,,,,,,,,
deutschewelle.odns/english,https://www.dwnewsgngmhlplxy6o2twtfgjnrnjxbegbwqx6wnotdhkzt562tszfid.onion/en/,,,,,,,,,,,,,,
deutschewelle.odns/french,https://www.dwnewsgngmhlplxy6o2twtfgjnrnjxbegbwqx6wnotdhkzt562tszfid.onion/fr/,,,,,,,,,,,,,,
deutschewelle.odns/german,https://www.dwnewsgngmhlplxy6o2twtfgjnrnjxbegbwqx6wnotdhkzt562tszfid.onion/de/,,,,,,,,,,,,,,
deutschewelle.odns/greek,https://www.dwnewsgngmhlplxy6o2twtfgjnrnjxbegbwqx6wnotdhkzt562tszfid.onion/el/,,,,,,,,,,,,,,
deutschewelle.odns/hausa,https://www.dwnewsgngmhlplxy6o2twtfgjnrnjxbegbwqx6wnotdhkzt562tszfid.onion/ha/,,,,,,,,,,,,,,
deutschewelle.odns/hindi,https://www.dwnewsgngmhlplxy6o2twtfgjnrnjxbegbwqx6wnotdhkzt562tszfid.onion/hi/,,,,,,,,,,,,,,
deutschewelle.odns/indonesian,https://www.dwnewsgngmhlplxy6o2twtfgjnrnjxbegbwqx6wnotdhkzt562tszfid.onion/id/,,,,,,,,,,,,,,
deutschewelle.odns/kiswahili,https://www.dwnewsgngmhlplxy6o2twtfgjnrnjxbegbwqx6wnotdhkzt562tszfid.onion/sw/,,,,,,,,,,,,,,
deutschewelle.odns/macedonian,https://www.dwnewsgngmhlplxy6o2twtfgjnrnjxbegbwqx6wnotdhkzt562tszfid.onion/mk/,,,,,,,,,,,,,,
deutschewelle.odns/pashto,https://www.dwnewsgngmhlplxy6o2twtfgjnrnjxbegbwqx6wnotdhkzt562tszfid.onion/ps/,,,,,,,,,,,,,,
deutschewelle.odns/persian,https://www.dwnewsgngmhlplxy6o2twtfgjnrnjxbegbwqx6wnotdhkzt562tszfid.onion/fa-ir/,,,,,,,,,,,,,,
deutschewelle.odns/polish,https://www.dwnewsgngmhlplxy6o2twtfgjnrnjxbegbwqx6wnotdhkzt562tszfid.onion/pl/,,,,,,,,,,,,,,
deutschewelle.odns/portuguese,https://www.dwnewsgngmhlplxy6o2twtfgjnrnjxbegbwqx6wnotdhkzt562tszfid.onion/pt-br/,,,,,,,,,,,,,,
deutschewelle.odns/portuguese,https://www.dwnewsgngmhlplxy6o2twtfgjnrnjxbegbwqx6wnotdhkzt562tszfid.onion/pt-002/not%C3%ADcias/s-13918,,,,,,,,,,,,,,
deutschewelle.odns/romanian,https://www.dwnewsgngmhlplxy6o2twtfgjnrnjxbegbwqx6wnotdhkzt562tszfid.onion/ro/,,,,,,,,,,,,,,
deutschewelle.odns/russian,https://www.dwnewsgngmhlplxy6o2twtfgjnrnjxbegbwqx6wnotdhkzt562tszfid.onion/ru/,,,,,,,,,,,,,,
deutschewelle.odns/serbian,https://www.dwnewsgngmhlplxy6o2twtfgjnrnjxbegbwqx6wnotdhkzt562tszfid.onion/sr/,,,,,,,,,,,,,,
deutschewelle.odns/spanish,https://www.dwnewsgngmhlplxy6o2twtfgjnrnjxbegbwqx6wnotdhkzt562tszfid.onion/es/,,,,,,,,,,,,,,
deutschewelle.odns/turkish,https://www.dwnewsgngmhlplxy6o2twtfgjnrnjxbegbwqx6wnotdhkzt562tszfid.onion/tr/,,,,,,,,,,,,,,
deutschewelle.odns/ukrainian,https://www.dwnewsgngmhlplxy6o2twtfgjnrnjxbegbwqx6wnotdhkzt562tszfid.onion/uk/,,,,,,,,,,,,,,
deutschewelle.odns/urdu,https://www.dwnewsgngmhlplxy6o2twtfgjnrnjxbegbwqx6wnotdhkzt562tszfid.onion/ur/,,,,,,,,,,,,,,
rferl.odns/azatliq,https://www.azatli7ifydxlltreov6fyvzwuflgggwdgry2cnxllzs7xpoh7qjmmid.onion/,,,,,,,,,,,,,,
rferl.odns/currenttime,https://www.currtv242aqatxhyqfyh3mtq2ubzxz7crvj7aon3zccrnwatc5gugvqd.onion/,,,,,,,,,,,,,,
rferl.odns/europalibera,https://moldova.eurolibaoxh6xnxcms7egvag474qnjeca5m6rvomwhmmkw2jkascwhqd.onion/,,,,,,,,,,,,,,
rferl.odns/europalibera,https://romania.eurolibaoxh6xnxcms7egvag474qnjeca5m6rvomwhmmkw2jkascwhqd.onion/,,,,,,,,,,,,,,
rferl.odns/farda,https://www.farda7tcb3bmdtmsmwx7wofkxxjrcw4iiizin7zzcju2oega74cnzbid.onion/,,,,,,,,,,,,,,
rferl.odns/idelreal,https://www.idelraalduykh5md4f5kempsx2vhhvs53sf7td25imcsyscru7i63cyd.onion/,,,,,,,,,,,,,,
rferl.odns/kavkazr,https://www.kavkazrtsgiv5be4orqcben4bbr2zfikcx2zb4uceuhbu6vhlxbnbjqd.onion/,,,,,,,,,,,,,,
voa.odns/russian,https://www.golosamr2fr3ojunabk2zaa2hyislbt2ht34vjhfsdwpg2dyg2xaybqd.onion/,,,,,,,,,,,,,,
voa.odns/turkish,https://www.sesic3wy3ursfzn7odbol5ddurz2kr3rbfvgnowhwbaefjahzwwsycqd.onion/,,,,,,,,,,,,,,
bravesearch.odns,https://search.brave4u7jddbv7cyviptqjc7jusxh72uik7zt6adtckl5f4nwy2v72qd.onion/,,,,,,,,,,,,,,
duckduckgo.odns,https://duckduckgogg42xjoc72x3sjasowoarfbgcmvfimaftt6twagswzczad.onion/,,,,,,,,,,,,,,
facebook.odns,https://www.facebookwkhpilnemxj7asaniu7vnjjbiltxjqhye3mhbshg7kx5tfyd.onion/,,,,,,,,,,,,,,
facebook.odns/mobile,https://m.facebookwkhpilnemxj7asaniu7vnjjbiltxjqhye3mhbshg7kx5tfyd.onion/,,,,,,,,,,,,,,
reddit.odns,https://www.reddittorjg6rue252oqsxryoxengawnmo46qy4kyii5wtqnwfj4ooad.onion/,,,,,,,,,,,,,,
twitter.odns,https://twitter3e4tixl4xyajtrzo62zg5vztmjuricljdp2c5kshju4avyoid.onion/,,,,,,,,,,,,,,
ablativehosting.odns,https://hzwjmjimhr7bdmfv2doll4upibt5ojjmpo3pbp5ctwcg37n3hyk7qzid.onion/,,,,,,,,,,,,,,
debianonionindex.odns,http://jvgypgbnfyvfopg5msp6nwr2sl2fd6xmnguq35n7rfkw3yungjn2i4yd.onion/,,,,,,,,,,,,,,
defcongroups.odns,http://jrw32khnmfehvdsvwdf34mywoqj5emvxh4mzbkls6jk2cb3thcgz6nid.onion/,,,,,,,,,,,,,,
defconhome.odns,http://g7ejphhubv5idbbu3hb3wawrs5adw7tkx7yjabnf65xtzztgg4hcsqqd.onion/,,,,,,,,,,,,,,
defconmedia.odns,http://m6rqq6kocsyugo2laitup5nn32bwm3lh677chuodjfmggczoafzwfcad.onion/,,,,,,,,,,,,,,
hardenedbsdonionindex.odns,http://lkiw4tmbudbr43hbyhm636sarn73vuow77czzohdbqdpjuq3vdzvenyd.onion/,,,,,,,,,,,,,,
imprezahosting.odns,https://imprezareshna326gqgmbdzwmnad2wnjmeowh45bs2buxarh5qummjad.onion/,,,,,,,,,,,,,,
keybaseio.odns,http://keybase5wmilwokqirssclfnsqrjdsi7jdir5wy7y7iu3tanwmtp6oid.onion/,,,,,,,,,,,,,,
onionshare.odns,http://lldan5gahapx5k7iafb3s4ikijc4ni7gx5iywdflkba5y2ezyg6sjgyd.onion/,,,,,,,,,,,,,,
qubesos.odns,http://www.qubesosfasa4zl44o4tws22di6kepyzfeqv3tg4e3ztknltfxqrymdad.onion/,,,,,,,,,,,,,,
torprojecthome.odns,http://2gzyxa5ihm7nsggfxnu52rck2vv4rvmdlkiu3zzui5du4xyclen53wid.onion/,,,,,,,,,,,,,,
torprojectonionindex.odns,http://xao2lxsmia2edq2n5zxg6uahx6xox2t7bfjw6b5vdzsxi7ezmqob6qid.onion/,,,,,,,,,,,,,,
whonixforums.odns,http://forums.dds6qkxpwdeubwucdiaord2xgbbeyds25rbsgr73tbfpqpt4a6vjwsyd.onion/,,,,,,,,,,,,,,
whonixhome.odns,http://dds6qkxpwdeubwucdiaord2xgbbeyds25rbsgr73tbfpqpt4a6vjwsyd.onion/,,,,,,,,,,,,,,
archivetoday.odns,http://archiveiya74codqgiixo33q62qlrqtkgmcitqx5u2oeqnmn5bpcbiyd.onion/,,,,,,,,,,,,,,
cloudflarepublicdns.odns,https://dns4torpnlfs2ifuz2s2yf3fc7rdmsbhm6rw75euj35pac6ap25zgqad.onion/,,,,,,,,,,,,,,
haricacertificateauthority.odns,https://4gmrlefxkq4mtan6a2lqwfwa7un4brjlatka75nwdczemqqwn3wznnad.onion/,,,,,,,,,,,,,,
protonmail.odns,https://protonmailrmez3lotccipshtkleegetolb73fuirgj7r4o4vfu7ozyd.onion/,,,,,,,,,,,,,,